{
  "page": 1,
  "results": [
    {

      "id": 238,
      "original_language": "en",
      "original_title": "The Godfather",
      "overview": "시실리에서 이민온 뒤, 정치권까지 영향력을 미치는 거물로 자리잡은 돈 꼴레오네는 갖가지 고민을 호소하는 사람들의 문제를 해결해주며 대부라 불리운다. 한편 솔로소라는 인물은 꼴레오네가와 라이벌인 탓타리아 패밀리와 손잡고 새로운 마약 사업을 제안한다. 돈 꼴레오네가 마약 사업에 참여하지 않기로 하자, 돈 꼴레오네를 저격해 그는 중상을 입고 사경을 헤매게 된다. 그 뒤, 돈 꼴레오네의 아들 소니는 조직력을 총 동원해 다른 패밀리들과 피를 부르는 전쟁을 시작하는데... 가족의 사업과 상관없이 대학에 진학한 뒤 인텔리로 지내왔던 막내 아들 마이클은 아버지가 총격을 당한 뒤, 아버지를 구하기 위해 위험천만한 협상 자리에 나선다.",
      "popularity": 104.261,
      "poster_path": "/cOwVs8eYA4G9ZQs7hIRSoiZr46Q.jpg",
      "release_date": "1972-03-14",
      "title": "대부",
      "video": false,
      "vote_average": 8.7,
      "vote_count": 17922
    },
    {
      "id": 278,
      "original_language": "en",
      "original_title": "The Shawshank Redemption",
      "overview": "촉망받는 은행 간부 앤디 듀프레인은 아내와 그녀의 정부를 살해했다는 누명을 쓴다. 주변의 증언과 살해 현장의 그럴듯한 증거들로 그는 종신형을 선고받고 악질범들만 수용한다는 지옥같은 교도소 쇼생크로 향한다. 인간 말종 쓰레기들만 모인 그곳에서 그는 이루 말할 수 없는 억압과 짐승보다 못한 취급을 당한다. 그러던 어느 날, 간수의 세금을 면제받게 해 준 덕분에 그는 일약 교도소의 비공식 회계사로 일하게 된다. 그 와중에 교도소 소장은 죄수들을 이리저리 부리면서 검은 돈을 긁어 모으고 앤디는 이 돈을 세탁하여 불려주면서 그의 돈을 관리하는데...",
      "popularity": 76.163,
      "poster_path": "/oAt6OtpwYCdJI76AVtVKW1eorYx.jpg",
      "release_date": "1994-09-23",
      "title": "쇼생크 탈출",
      "video": false,
      "vote_average": 8.7,
      "vote_count": 23767
    },
    {
      "id": 772071,
      "original_language": "es",
      "original_title": "Cuando Sea Joven",
      "overview": "",
      "popularity": 17.885,
      "poster_path": "/6gIJuFHh5Lj4dNaPG3TzIMl7L68.jpg",
      "release_date": "2022-09-14",
      "title": "Cuando Sea Joven",
      "video": false,
      "vote_average": 8.6,
      "vote_count": 225
    },
    {

      "id": 240,
      "original_language": "en",
      "original_title": "The Godfather Part II",
      "overview": "아버지의 장례식 도중에 맏아들 파올로가 총에 맞아 죽고, 비토(로버트 드니로)는 겨우 도망쳐 미국으로 건너온다. 대부로 성장한 후 비토는 다시 치치오를 찾아 복수를 한다. 새롭게 등장한 젊은 대부 마이클(알 파치노)은 본거지를 라스베가스로 옮기고 가족의 사업을 가능한 합법적인 것으로 바꾸려고 애쓴다. 그런 과중 중에 자신을 제거하려는 음모를 알게되고 그는 냉혹하고 신속하게 반대파들을 제거, 조직을 더욱 확대해 나간다. 이를 위해 마이클은 배신한 형마저 죽이고, 일 때문에 아내와 헤어지는 등 인간적으로는 계속 외로워져 가는데...",
      "popularity": 44.198,
      "poster_path": "/cj9UsJEN5bNf6ZoF1BbKjKN81hc.jpg",
      "release_date": "1974-12-20",
      "title": "대부 2",
      "video": false,
      "vote_average": 8.6,
      "vote_count": 10821
    },
    {

      "id": 19404,
      "original_language": "hi",
      "original_title": "दिलवाले दुल्हनिया ले जायेंगे",
      "overview": "영국에서 유학중인 라즈(샤룩 칸)와 인도 처녀 심란(까졸).  심란은 부모님이 정해주신 약혼자가 있는데 약혼을 앞두고 친구들과 유럽 여행을 떠나게 된다.  여행 중 우연히 만남 샤룩과 까졸. 두 남녀의 연속된 우연과 좌충우돌 사랑 만들기.  그렇게 사랑하게 된 그들이지만 까졸은 약혼자가 있는 몸. 인도로 돌아가게 된다.  샤룩 또한 그녀를 못 잊어 인도로 뒤 따라 들어가지만 엄격한 까졸의 부모를 설득하기가 힘이 든다. 도망가자는 까졸의 제안을 거부하고 샤룩은 끝내 그녀의 부모님의 허락을 얻어 내기 위해 고군분투한다.",
      "popularity": 24.25,
      "poster_path": "/2CAL2433ZeIihfX1Hb2139CX0pW.jpg",
      "release_date": "1995-10-19",
      "title": "용감한 자가 신부를 데려가리",
      "video": false,
      "vote_average": 8.6,
      "vote_count": 4128
    },
    {
      "id": 424,
      "original_language": "en",
      "original_title": "Schindler's List",
      "overview": "2차 세계대전 당시 독일군이 점령한 폴란드. 시류에 맞춰 자신의 성공을 추구하는 기회주의자 쉰들러는 유태인이 경영하는 그릇 공장을 인수한다. 그는 공장을 인수하기 위해 나찌 당원이 되고 독일군에게 뇌물을 바치는 등 갖은 방법을 동원한다. 그러나 냉혹한 기회주의자였던 쉰들러는 유태인 회계사인 스턴과 친분을 맺으면서 냉혹한 유태인 학살에 대한 양심의 소리를 듣기 시작한다. 마침내 그는 강제 수용소로 끌려가 죽음을 맞게될 유태인들을 구해내기로 결심하고, 독일군 장교에게 빼내는 사람 숫자대로 뇌물을 주는 방법으로 유태인들을 구해내려는 계획을 세우는데...",
      "popularity": 46.611,
      "poster_path": "/oyyUcGwLX7LTFS1pQbLrQpyzIyt.jpg",
      "release_date": "1993-12-15",
      "title": "쉰들러 리스트",
      "video": false,
      "vote_average": 8.6,
      "vote_count": 14056
    },
    {

      "id": 129,
      "original_language": "ja",
      "original_title": "千と千尋の神隠し",
      "overview": "평범한 열 살 짜리 소녀 치히로 식구는 이사 가던 중 길을 잘못 들어 낡은 터널을 지나가게 된다. 터널 저편엔 폐허가 된 놀이공원이 있었고 그곳엔 이상한 기운이 흘렀다. 인기척 하나 없는 이 마을의 낯선 분위기에 불길한 기운을 느낀 치히로는 부모님에게 돌아가자고 조르지만 부모님은 호기심에 들떠 마을 곳곳을 돌아다니기 시작한다. 어느 음식점에 도착한 치히로의 부모님은 그 곳에 차려진 음식들을 보고 즐거워하며 허겁지겁 먹어대다가 돼지로 변해버린다. 겁에 질려 당황하는 치히로에게 낯선 소년 하쿠가 나타나 빨리 이곳을 나가라고 소리치는데...",
      "popularity": 70.059,
      "poster_path": "/u1L4qxIu5sC2P082uMHYt7Ifvnj.jpg",
      "release_date": "2001-07-20",
      "title": "센과 치히로의 행방불명",
      "video": false,
      "vote_average": 8.5,
      "vote_count": 14288
    },
    {
      "id": 389,
      "original_language": "en",
      "original_title": "12 Angry Men",
      "overview": "뉴욕시의 법정에 아버지를 칼로 찌른 한 소년의 살인혐의를 두고, 12인의 배심원들은 만장일치 합의를 통해 소년의 유무죄 여부를 가려줄 것을 요구받는다. 판사는 유죄일 경우 이 소년은 사형이 불가피하다는 것을 이들에게 미리 일러둔다.  배심원 방에 모인 이들은 투표를 통해 유무죄 여부를 가리기로 한다. 사람들이 전부 소년이 유죄로 판단하는 가운데, 오직 한 배심원만이 소년이 무죄라고 주장하는데...",
      "popularity": 28.798,
      "poster_path": "/xzh6Rq9cKnE1M309PzC5S5QWF9S.jpg",
      "release_date": "1957-04-10",
      "title": "12명의 성난 사람들",
      "video": false,
      "vote_average": 8.5,
      "vote_count": 7259
    },
    {

      "id": 372058,
      "original_language": "ja",
      "original_title": "君の名は。",
      "overview": "시골에 사는 소녀 미츠하(가미시라이시 모네)는 어느 날 잠에서 깬 후 자신의 몸이 남자로 바뀐 걸 알게 된다. 같은 시간, 도쿄에 사는 소년 타키(가미키 류노스케) 역시 이 기이한 상황을 겪고 있다. 낯선 가족, 낯선 친구들, 낯선 풍경들... 서로에게 이어진 끈을 알게 된 둘은 둘만의 규칙을 정하고 점차 상황을 받아들이기 시작한다. 서로에게 남긴 메모를 확인하며  점점 친구가 되어가는 타키와 미츠하. 언제부턴가 더 이상 몸이 바뀌지 않자  자신들이 특별하게 이어져있었음을 깨달은  타키는 미츠하를 만나러 가는데...",
      "popularity": 86.228,
      "poster_path": "/wx1Dxr4UyvN18SyC5GsVWWWtYja.jpg",
      "release_date": "2016-08-26",
      "title": "너의 이름은.",
      "video": false,
      "vote_average": 8.5,
      "vote_count": 9821
    },
    {

      "id": 496243,
      "original_language": "ko",
      "original_title": "기생충",
      "overview": "전원 백수로 살 길 막막하지만 사이는 좋은 기택 가족. 장남 기우에게 명문대생 친구가 연결시켜 준 고액 과외 자리는 모처럼 싹튼 고정수입의 희망이다. 온 가족의 도움과 기대 속에 박 사장 집으로 향하는 기우. 글로벌 IT기업의 CEO인 박 사장의 저택에 도착하자 젊고 아름다운 사모님 연교와 가정부 문광이 기우를 맞이한다. 큰 문제 없이 박 사장의 딸 다혜의 과외를 시작한 기우. 그러나 이렇게 시작된 두 가족의 만남 뒤로, 걷잡을 수 없는 사건이 기다리고  있는데.....",
      "popularity": 53.064,
      "poster_path": "/jjHccoFjbqlfr4VGLVLT7yek0Xn.jpg",
      "release_date": "2019-05-30",
      "title": "기생충",
      "video": false,
      "vote_average": 8.5,
      "vote_count": 15719
    },
    {
      "id": 155,
      "original_language": "en",
      "original_title": "The Dark Knight",
      "overview": "범죄와 부정부패를 제거하여 고담시를 지키려는 배트맨. 그는 짐 고든 형사와 패기 넘치는 고담시 지방 검사 하비 덴트와 함께 도시를 범죄 조직으로부터 영원히 구원하고자 한다. 세 명의 의기투합으로 위기에 처한 악당들이 모인 자리에 보라색 양복을 입고 얼굴에 짙게 화장을 한 괴이한 존재가 나타나 배트맨을 죽이자는 사상 초유의 제안을 한다. 그는 바로 어떠한 룰도, 목적도 없는 사상 최악의 악당 미치광이 살인광대 조커. 배트맨을 죽이고 고담시를 끝장내버리기 위한 조커의 광기 어린 행각에 도시는 혼란에 빠지는데...",
      "popularity": 64.737,
      "poster_path": "/f6dNinWX8rBM79JXKcShkfSh2oA.jpg",
      "release_date": "2008-07-14",
      "title": "다크 나이트",
      "video": false,
      "vote_average": 8.5,
      "vote_count": 29693
    },
    {

      "id": 497,
      "original_language": "en",
      "original_title": "The Green Mile",
      "overview": "미국 루이지애나의 콜드 마운틴 교도소. 폴은 사형수 감방의 간수장으로 일하고 있다. 그의 일은 사형수들을 감독하고, 그린 마일이라 불리는 초록색 복도를 거쳐 그들을 사형 집행장까지 안내하는 것. 폴은 그들이 죽음을 맞이하는 순간까지 평화롭게 지낼 수 있도록 최선을 다한다. 어느 날 존 커피라는 사형수가 이송되어 온다. 그는 쌍둥이 여자아이를 살해한 흉악범. 하지만 순진한 눈망울에 겁을 잔뜩 집어먹은 그의 모습에 폴은 당혹감을 느낀다. 게다가 그는 초자연적 능력으로 폴의 지병을 깨끗하게 치료해주기까지 한다. 존을 전기 의자로 데려가야 할 날이 다가오면서 폴은 그가 무죄라는 확신을 갖게 되는데...",
      "popularity": 61.708,
      "poster_path": "/yuSpRhrTIJa5JN8oESrfD2bndp1.jpg",
      "release_date": "1999-12-10",
      "title": "그린 마일",
      "video": false,
      "vote_average": 8.5,
      "vote_count": 15392
    },
    {

      "id": 680,
      "original_language": "en",
      "original_title": "Pulp Fiction",
      "overview": "펌프킨와 허니 버니가 레스토랑에서 강도 행각을 벌이기 시작한다. 빈센트와 그 동료 쥴스는 두목의 금가방을 찾기 위해 다른 건달이 사는 아파트를 찾아간다. 마르셀러스는 부치에게 돈을 주며 상대 선수에게 져 주라고 하지만 부치는 상대 선수를 때려 눕히고 도망치다, 어릴 때 아버지에게 물려받은 시계를 찾기 위해 아파트로 향한다. 아무런 상관 없이 보이는 이 사건들이 서로 얽히고 섥히면서 예상치 못한 인과관계가 만들어지는데...",
      "popularity": 61.778,
      "poster_path": "/6lXRHGoEbnnBUKsuqpL9JxD4DzT.jpg",
      "release_date": "1994-09-10",
      "title": "펄프 픽션",
      "video": false,
      "vote_average": 8.5,
      "vote_count": 25156
    },
    {

      "id": 429,
      "original_language": "it",
      "original_title": "Il buono, il brutto, il cattivo",
      "overview": "미국의 남북전쟁이 한창인 때, 블론디는 멕시코인 총잡이 투코와 함께 동업 중이다. 블론디는 현상범 투코를 잡아 현상금을 받고, 투코가 교수형을 당하는 순간 구해주는 역할. 한편 세텐자라 불리우는 범죄자는 엄청나 돈이 묻힌 비밀장소를 추적 중이다. 그런데, 투코와 실랑이를 벌이던 블론디는 돈이 묻힌 장소를 죽어가는 사람에게 듣게 되고, 결국 둘은 돈을 찾아 나서는데...",
      "popularity": 42.72,
      "poster_path": "/s7qPuoj4liolAtmx9vcL6AyaZzR.jpg",
      "release_date": "1966-12-23",
      "title": "석양의 무법자",
      "video": false,
      "vote_average": 8.5,
      "vote_count": 7388
    },
    {
  
      "id": 13,
      "original_language": "en",
      "original_title": "Forrest Gump",
      "overview": "불편한 다리, 남들보다 조금 떨어지는 지능을 가진 포레스트 검프는 헌신적인 어머니의 보살핌과 첫사랑 제니와의 만남으로 편견과 괴롭힘 속에서도 따뜻한 마음을 지니고 성장한다. 또래들의 괴롭힘을 피해 도망치던 포레스트는 누구보다 빠르게 달릴 수 있는 자신의 재능을 깨닫는다. 그의 재능을 알아 본 대학에서 그를 미식축구 선수로 발탁하고, 졸업 후에도 뛰어난 신체능력으로 군에 들어가 무공훈장을 수여받는 등 탄탄한 인생 가도에 오르게 된 포레스트. 하지만 어머니가 병에 걸려 죽음을 맞이하고, 첫사랑 제니 역시 그의 곁을 떠나가며 다시 한 번 인생의 전환점을 맞이하게 되는데...",
      "popularity": 53.132,
      "poster_path": "/xdJxoq0dtkchOkUz5UVKuxn7a2V.jpg",
      "release_date": "1994-06-23",
      "title": "포레스트 검프",
      "video": false,
      "vote_average": 8.5,
      "vote_count": 24643
    },
    {
      "id": 372754,
      "original_language": "ja",
      "original_title": "同級生",
      "overview": "밴드 활동을 하며 여자에게도 인기가 많은 쿠사카베 히카루.  고교 입시에서 만점을 받은 인재 사죠 리히토. 도무지 접점이 없어 보이는 두 남학생은 합창 대회 연습을 계기로 친해진다. 음을 느끼고 목소리에 귀를 기울이고 화음을 만들어가며 둘의 마음은 공명하기 시작하는데… 느긋하게 고조되다 뜻밖의 순간에 터져버리는 사랑의 감정. 순수하고 솔직한 쿠사카베 히카루와 그를 밀어내면서도 조금씩 마음을 열어가는 사죠 리히토.  청춘의 풋풋함 속에서 고민하고, 망설이며 앞으로 나아가고자 하는 그들이 깨달은 마음이란…",
      "popularity": 14.514,
      "poster_path": "/jNJ9shLhjRavjrCGRnoTmYB18d2.jpg",
      "release_date": "2016-02-20",
      "title": "동급생",
      "video": false,
      "vote_average": 8.5,
      "vote_count": 304
    },
    {
      "id": 122,
      "original_language": "en",
      "original_title": "The Lord of the Rings: The Return of the King",
      "overview": "사우론이 인간들의 마지막 요새인 곤도르를 향해 야욕을 드러내고 있는 한편, 아라곤은 쇠락해가고 있는 곤도르의 재건을 위해 왕위 계승을 신중하게 결정지어야만 하는 상황. 이제 중간대륙의 미래는 그의 어깨에 달려있는 것. 사우론이 이끄는 어둠의 군대와의 마지막 전투를 위해 간달프는 곤도르에 흩어져 있던 병사들을 모으고, 로한의 왕 세오덴에게 도움을 받기도 하지만 사우론의 군대에 비하면 열세를 면치 못한다. 그러나 그들은 중간대륙을 사우론의 야욕으로부터 지키려는 사명감과, 마지막 반지 운반자에게 임무를 끝낼 기회를 주기 위해 어둠의 군대를 향해 돌진하게 되는데...",
      "popularity": 57.585,
      "poster_path": "/tAXXuEAKLk2mOEIJzwajJQEnVZu.jpg",
      "release_date": "2003-12-01",
      "title": "반지의 제왕: 왕의 귀환",
      "video": false,
      "vote_average": 8.5,
      "vote_count": 21578
    },
    {

      "id": 769,
      "original_language": "en",
      "original_title": "GoodFellas",
      "overview": "아일랜드계 이탈리아인 헨리 힐와 토미는 13살에 마피아에 입문해 지미와 함께 트럭이나 공항 화물을 훔치는 일을 한다. 결혼 후에도 마피아 생활을 계속하는 헨리는 이제 조직에서도 안정된 위치와 경제적 여유를 갖는다.  어느 날 헨리와 지미는 공항터미널 사건을 모의해 현금 6백만 달러라는 엄청한 돈을 훔친다. 이 사건을 은폐하기 위해 혈안이 된 지미는 모의에 참여했던 사람들을 죽이고, 토미는 마피아 조직에 가담했다가 살해당한다. 엎친데 덮친격으로 헨리마저 마약거래로 경찰서에 잡혀 들어가는데...",
      "popularity": 39.395,
      "poster_path": "/zF9hSBS1t7PVFLo01GrJ3OjGi67.jpg",
      "release_date": "1990-09-12",
      "title": "좋은 친구들",
      "video": false,
      "vote_average": 8.5,
      "vote_count": 11249
    },
    {
      "id": 704264,
      "original_language": "en",
      "original_title": "Primal: Tales of Savagery",
      "overview": "",
      "popularity": 9.665,
      "poster_path": "/9NBBkdxH0TjQEBSN2AzeE1sgsF9.jpg",
      "release_date": "2019-11-21",
      "title": "Primal: Tales of Savagery",
      "video": false,
      "vote_average": 8.5,
      "vote_count": 263
    },
    {

      "id": 346,
      "original_language": "ja",
      "original_title": "七人の侍",
      "overview": "일본의 전국시대. 주민들은 황폐한 땅에서 어렵게 수확한 식량으로 한해 한해를 넘기는 빈촌에 살고 있다. 이 빈촌엔 보리 수확이 끝날 무렵이면 어김없이 산적들이 찾아와 모든 식량을 모조리 약탈해 간다. 싸워도 애원해도 소용이 없었다. 가만히 있을 수만은 없던 촌장의 결단으로 사무라이들을 모집하는데, 이들은 풍부한 전쟁 경험을 가진 시마다 칸베에를 포함한 7명이었다. 시마다의 지휘하에 마을은 방위태세를 갖추고 전투훈련도 시작한다. 이윽고 산적들의 공격이 시작되어 치열한 사투가 벌어진다.",
      "popularity": 23.21,
      "poster_path": "/6Y8Q5t79ybiDA7XubUTneqZhjA3.jpg",
      "release_date": "1954-04-26",
      "title": "7인의 사무라이",
      "video": false,
      "vote_average": 8.5,
      "vote_count": 3048
    },
    {
      "id": 696374,
      "original_language": "en",
      "original_title": "Gabriel's Inferno",
      "overview": "",
      "popularity": 14.354,
      "poster_path": "/oyG9TL7FcRP4EZ9Vid6uKzwdndz.jpg",
      "release_date": "2020-05-29",
      "title": "가브리엘의 지옥",
      "video": false,
      "vote_average": 8.5,
      "vote_count": 2339
    },
    {
      "id": 995133,
      "original_language": "en",
      "original_title": "The Boy, the Mole, the Fox and the Horse",
      "overview": "논모어와 배드 로봇 프로덕션을 만나 아름다운 애니메이션으로 재탄생한 찰리 맥커시의 베스트셀러. 친절과 용기, 희망의 의미를 찾아가는 네 친구들의 낯설지만 깊은 유대를 만나보세요.",
      "popularity": 21.625,
      "poster_path": "/oQRgyQCzcyZvE6w5heM9ktVY0LT.jpg",
      "release_date": "2022-12-25",
      "title": "소년과 두더지와 여우와 말",
      "video": false,
      "vote_average": 8.5,
      "vote_count": 320
    },
    {

      "id": 11216,
      "original_language": "it",
      "original_title": "Nuovo Cinema Paradiso",
      "overview": "어린 시절 영화가 세상의 전부였던 소년 토토는 학교 수업을 마치면 마을 광장에 있는 낡은 시네마 천국이라는 극장으로 달려가 영사 기사 알프레도와 친구로 지내며 어깨너머로 영사기술을 배운다. 어느 날 관객들을 위해 광장에서 야외 상영을 해주던 알프레도가 그만 화재 사고로 실명하게 되고, 토토가 그의 뒤를 이어 시네마 천국의 영상기사로 일하게 된다. 실명한 후에도 토토의 친구이자 아버지로 든든한 정신적 지주가 되어준 알프레도는 청년이 된 토토가 사랑하는 여자 엘레나의 부모님의 반대로 좌절하자 넓은 세상으로 나가서 더 많은 것을 배우라며 권유하는데...",
      "popularity": 22.956,
      "poster_path": "/r782z4H7GzkyNaf3hAtBB4pVkOj.jpg",
      "release_date": "1988-11-17",
      "title": "시네마 천국",
      "video": false,
      "vote_average": 8.5,
      "vote_count": 3746
    },
    {
      "id": 637,
      "original_language": "it",
      "original_title": "La vita è bella",
      "overview": "로마에 갓 상경한 시골 총각 귀도는 운명처럼 만난 여인 도라에게 첫눈에 반한다. 넘치는 재치와 유머로 약혼자가 있던 그녀를 사로잡은 귀도는 가정을 꾸리며 분신과도 같은 아들 조수아를 얻는다. 조수아의 다섯 살 생일, 갑작스레 들이닥친 군인들은 귀도와 조수아를 수용소 행 기차에 실어버리고, 소식을 들은 도라 역시 기차에 따라 오른다. 귀도는 아들을 달래기 위해 무자비한 수용소 생활을 단체게임이라 속이고 1,000점을 따는 우승자에게는 진짜 탱크가 주어진다고 말한다. 하루하루가 지나 어느덧 전쟁이 끝났다는 말을 들은 귀도는 조수아를 창고에 숨겨둔 채 아내를 찾아 나서는데...",
      "popularity": 32.712,
      "poster_path": "/yjOqQsQHdsEZfAosZERqHiwjaty.jpg",
      "release_date": "1997-12-20",
      "title": "인생은 아름다워",
      "video": false,
      "vote_average": 8.5,
      "vote_count": 11883
    },
    {

      "id": 12477,
      "original_language": "ja",
      "original_title": "火垂るの墓",
      "overview": "2차 세계대전, 일본의 한 마을에 폭격기로 인한 대공습이 일어난다. 마을이 화염으로 휩싸이자, 14살인 세이타는 부모님과 따로 만나기로 약속한 채 4살짜리 여동생 세츠코를 업고 피신한다. 결국 집과 어머니를 잃고 먼 친척아주머니의 집으로 향하는 세이타와 세츠코. 힘들고 어려운 환경에서도 오빠 세이타는 천진하고 착한 여동생 세츠코를 보면서 희망과 용기를 잃지 않는다. 하지만 시간이 지날수록 친척아주머니의 남매에 대한 냉대는 더욱 심해지고, 세이타는 어머니가 남겨주었던 마지막 여비를 챙겨 세츠코와 함께 산 속에 있는 방공호로 거처를 옮긴다. 두 남매는 산 속 동굴에서 반딧불이를 잡아 불을 밝히고, 물고기와 개구리를 잡아먹으며 살아가는데...",
      "popularity": 0.6,
      "poster_path": "/uN0x0G4uuRjFJIFN57iYihBV2Qh.jpg",
      "release_date": "1988-04-16",
      "title": "반딧불이의 묘",
      "video": false,
      "vote_average": 8.4,
      "vote_count": 4636
    },
    {

      "id": 539,
      "original_language": "en",
      "original_title": "Psycho",
      "overview": "마리온 크레인은 그녀의 애인 샘과 결혼하길 원하지만 샘은 빚을 갚을 때까지 기다리라고 말한다. 그래서 그녀는 자신이 다니고 있는 회사 사장이 은행에 입금하라고 맡긴 돈을 들고 도망친다. 도주 첫날 밤 묵게 된 도로변의 낡은 모텔 주인인 노만 베이츠는 그녀에게 친절하게 대해주며 자신은 모텔 바로 뒤쪽 저택에서 몸이 불편한 어머니와 함께 살고 있다고 말한다. 잠자리에 들기 전 마리온이 샤워를 하는 도중, 난데없이 검은 형상이 욕실에 나타나고 마리온은 실종된다. 마리온을 찾기 위해 그녀의 언니 릴라와 샘, 그리고 보험회사 측에서 고용한 탐정 등 세 사람이 추적에 나서는데...",
      "popularity": 31.433,
      "poster_path": "/vC3P8hH4r3I3fHiRFa1kj6yzeaN.jpg",
      "release_date": "1960-06-22",
      "title": "싸이코",
      "video": false,
      "vote_average": 8.4,
      "vote_count": 8953
    },
    {

      "id": 311,
      "original_language": "en",
      "original_title": "Once Upon a Time in America",
      "overview": "1921년, 좀도둑질을 일삼던 누들스는 친구들과 함께 밀수품 운반 일을 하며 돈을 벌어들인다. 누들스 무리에 위협을 느낀 벅시는 누들스의 친구를 죽이고, 분노한 누들스는 벅시를 살해한 후 감옥에 들어가게 된다. 1932년, 출소한 누들스는 어린 시절 첫사랑 데보라와 밀주 사업으로 크게 성공한 맥스를 다시 만나지만, 금주법 철폐로 밀주 사업도 위기를 맞는다. 맥스는 누들스에게 연방준비은행을 털 것을 제안하지만 누들스는 거절한다. 1968년, 베일리 재단 파티에 초대 받은 누들스는 재단 창립 기념 사진 속에서 데보라를 발견하고 그녀를 찾아가는데...",
      "popularity": 25.851,
      "poster_path": "/xbuc6sjIIopkA1Ep24rR6yCw0DK.jpg",
      "release_date": "1984-05-23",
      "title": "원스 어폰 어 타임 인 아메리카",
      "video": false,
      "vote_average": 8.4,
      "vote_count": 4659
    },
    {

      "id": 724089,
      "original_language": "en",
      "original_title": "Gabriel's Inferno: Part II",
      "overview": "",
      "popularity": 30.187,
      "poster_path": "/8Rxutea68d940kg44Box5gFmKcF.jpg",
      "release_date": "2020-07-31",
      "title": "가브리엘의 지옥 파트 2",
      "video": false,
      "vote_average": 8.4,
      "vote_count": 1469
    },
    {

      "id": 550,
      "original_language": "en",
      "original_title": "Fight Club",
      "overview": "자동차 회사의 리콜 심사관으로 일하는 주인공(에드워드 노튼)은 일상의 무료함과 공허함 속에서 늘 새로운 탈출을 꿈꾼다. 그는 비행기에서 자신을 비누 제조업자라고 소개하는 타일러 더든(브래드 피트)을 만난다. 집에 돌아온 주인공은 아파트가 누군가에 의해 폭파되었음을 발견하고, 타일러에게 도움을 청해 함께 생활하게 된다. 어느 날 밤 타일러는 주인공에게 자신을 때려달라고 부탁한다. 사람은 싸워봐야 진정한 자신을 알 수 있다는 것이다. 결국 이들은 매주 토요일 밤 술집 지하에서 맨주먹으로 격투를 벌이는 파이트 클럽을 결성하기에 이르는데...",
      "popularity": 67.755,
      "poster_path": "/eKZ07Ted7VHxQjbuZrRBFOamcKJ.jpg",
      "release_date": "1999-10-15",
      "title": "파이트 클럽",
      "video": false,
      "vote_average": 8.4,
      "vote_count": 26415
    },
    {

      "id": 667257,
      "original_language": "es",
      "original_title": "Cosas imposibles",
      "overview": "폭력적인 남편의 사망 후, 마틸데는 여전히 트라우마와 외로움 그리고 유령같이 그녀의 주변을 맴도는 남편의 흔적에 시달린다. 이웃집 소년 미겔과 가까워진 마틸데는 미겔의 마약 판매에 가담하면서, 이전까지 경험하지 못했던 새로운 삶에 눈을 뜨기 시작한다. 나이 차에도 불구하고 두 사람이 나누는 평범하지 않은 우정은 서로의 상처를 보듬고 치유해 준다. 삶의 막다른 골목에서, 불가능해 보였던 희망을 향해 나아가는 마틸데와 미겔의 용기 어린 선택이 감동으로 다가온다.",
      "popularity": 9.136,
      "poster_path": "/eaf7GQj0ieOwm08rrvjJQNbN0kN.jpg",
      "release_date": "2021-06-17",
      "title": "불가능한 것들",
      "video": false,
      "vote_average": 8.4,
      "vote_count": 334
    },
    {
      "id": 820067,
      "original_language": "ja",
      "original_title": "映画 五等分の花嫁",
      "overview": "「낙제 직전」「공부가 싫은」미소녀 다섯 쌍둥이를  아르바이트 가정 교사로서 「졸업」까지 이끈 후타로.  배우에 전념하기 위해 휴학하기로 한 이치카의 공부를 봐주면서  「학교 축제」 준비에 힘쓰는 후타로와,  후회 없는 「학교 축제」를 만들기 위해 평소 이상으로 노력하는 요츠바.  어지러운 날들이 지나고 정신을 차려보니 「학교 축제」 전날.  후타로는 포기하지 않고 힘쓰는 이츠키의 모습에 힘입어,  니노의 각오와 미쿠의 결의, 그리고 이치카·요츠바·이츠키에 대한 마음의 답을 찾는다.  저마다의 생각을 안고 있는 와중,  드디어 시작된 고교 생활 최후의(마지막) 이벤트인 「학교 축제」 첫날.  『학교 축제 첫날 15시에 교실에 와줘』  교실에 모인 다섯 쌍둥이는, 후타로에게 어떠한 마음을 고백 받게 될까?",
      "popularity": 162.04,
      "poster_path": "/63SDXxNKOA4ZfXvRCkF9B1y14Us.jpg",
      "release_date": "2022-05-20",
      "title": "극장판 5등분의 신부",
      "video": false,
      "vote_average": 8.4,
      "vote_count": 283
    },
    {

      "id": 598,
      "original_language": "pt",
      "original_title": "Cidade de Deus",
      "overview": "빈민가가 막 형성되기 시작한 1960년대, 마을을 지나가는 배달 트럭을 털면서 가족을 부양하는 텐더 삼총사가 주름잡던 그 시기에는 엄연한 룰이 존재했다. 돈은 훔치되 살인은 삼가는 것이다. 이들은 엉뚱한 용의자를 사살하고도 지갑을 챙기는 악질 경찰에 비하면 약자에 불과했다. 텐더 트리오 시대에 종지부를 찍은 제빼게노는 큰 돈을 만지기 위해서는 마약을 다뤄야 함을 알게 된다. 단짝친구 베네는 악랄하기만 할 뿐 주변을 다독일 줄 모르던 제빼게노를 보좌하며 또 다른 룰을 만들어내지만, 위태로운 평화의 유효기간은 그리 길지 않다.",
      "popularity": 27.163,
      "poster_path": "/iKXrQB16sxeXoc6GlnYjeeZKsOW.jpg",
      "release_date": "2002-08-30",
      "title": "시티 오브 갓",
      "video": false,
      "vote_average": 8.4,
      "vote_count": 6453
    },
    {

      "id": 510,
      "original_language": "en",
      "original_title": "One Flew Over the Cuckoo's Nest",
      "overview": "많은 죄를 짓고 수감중이던 맥머피는 교도소에서 정신 병원으로 후송되는데, 감옥보다는 자유로울 것으로 생각했지만 전혀 그렇지 않다는 것을 깨닫는다. 정신 병원의 여러 환자들과 생활하면서 맥머피는 그들이 겉으로는 전혀 문제가 없어 보이지만 보이지 않는 병원내의 압력에 의해 짓눌려 사는 죽은 인간들임을 간파한다. 그리고 그러한 압력의 주범이 간호사 레취드임을 알게 된다. 맥머피는 환자들을 끌고 병원을 빠져나가 낚시를 다녀오거나 파티를 여는 등 의도적인 반항을 시도하다 결국 탈출을 결심하게 되는데...",
      "popularity": 30.198,
      "poster_path": "/g6TD3q0aunRN5VveKauoH8FdxQw.jpg",
      "release_date": "1975-11-19",
      "title": "뻐꾸기 둥지 위로 날아간 새",
      "video": false,
      "vote_average": 8.4,
      "vote_count": 9363
    },
    {
      "id": 761053,
      "original_language": "en",
      "original_title": "Gabriel's Inferno: Part III",
      "overview": "",
      "popularity": 31.121,
      "poster_path": "/fYtHxTxlhzD4QWfEbrC1rypysSD.jpg",
      "release_date": "2020-11-19",
      "title": "Gabriel's Inferno: Part III",
      "video": false,
      "vote_average": 8.4,
      "vote_count": 1016
    },
    {

      "id": 620249,
      "original_language": "zh",
      "original_title": "罗小黑战记",
      "overview": "숲속의 집을 잃고 홀로 떠돌던 검은 고양이 요정 ‘소흑’은 도시 뒷골목에서 미스터리한 능력의 요정 ‘풍식’을 만나 위기를 모면한다. ‘풍식’의 무리와 버려진 섬에서 행복한 시간을 보내는 ‘소흑’. 그러던 중 최강 능력의 집행자 ‘무한’이 ‘풍식’을 쫓아 섬에 오자 ‘풍식’ 일행은 달아나고, ‘소흑’만 남게 된다.  홀로 남은 ‘소흑’을 요정들의 회관으로 데려가려는 ‘무한’과 ‘무한’을 무서운 인간이라 여겨 도망치려는 ‘소흑’. 둘은 여정 속에서 점점 마음을 열게 되고, ‘무한’은 ‘소흑’에게 특별한 능력이 있음을 알게 된다.",
      "popularity": 11.617,
      "poster_path": "/nDieZR47cirx44UZxKQsCbRGYqW.jpg",
      "release_date": "2019-08-27",
      "title": "나소흑전기: 첫만남편",
      "video": false,
      "vote_average": 8.4,
      "vote_count": 267
    },
    {

      "id": 14537,
      "original_language": "ja",
      "original_title": "切腹",
      "overview": "사소한 잘못으로 상부로부터 할복 명령을 하달받은 사무라이가 그것에 저항하는 이야기.\r 인습과 전통에 대해 순응하는 일본 사회에 저항하는 메세지를 담은 작품.",
      "popularity": 24.687,
      "poster_path": "/rnYgzVuPaeKnZ85XJlukxmlFcrN.jpg",
      "release_date": "1962-09-15",
      "title": "하라키리",
      "video": false,
      "vote_average": 8.4,
      "vote_count": 772
    },
    {

      "id": 324857,
      "original_language": "en",
      "original_title": "Spider-Man: Into the Spider-Verse",
      "overview": "평범한 10대 마일스 모랄레스는 우연히 방사능 거미에 물려 스파이더맨 능력을 가지게 된다. 혼란스러워하던 마일스는 악당과 싸우고 있는 피터 파커를 마주치게 되고 피터 파커는 마일스가 자신과 같은 능력을 가지고 있음을 직감한다. 여러 개의 평행세계가 존재한다는 것을 알게 된 마일스와 피터 파커는 이후 스파이더우먼 스파이더 그웬, 스파이더맨 누아르, 스파이더햄 등 평행세계 속 공존하는 모든 스파이더맨들을 만나게 되는데... 하나의 유니버스에서 만나 팀을 결성한 스파이더맨들은 과연 세계를 구할 수 있을까?",
      "popularity": 92.761,
      "poster_path": "/vnWgIIEWAvWKOI65tm6h6VRbyY8.jpg",
      "release_date": "2018-12-14",
      "title": "스파이더맨: 뉴 유니버스",
      "video": false,
      "vote_average": 8.4,
      "vote_count": 12714
    },
    {

      "id": 4935,
      "original_language": "ja",
      "original_title": "ハウルの動く城",
      "overview": "19세기 말 마법과 과학이 공존하고 있는 세계 앵거리. 소피는 돌아가신 아버지의 모자상점에서 쉴틈없이 일하는 18살 소녀이다. 어느 날 오랫만에 마을로 나간 소피는 우연히 하울을 만나게 된다. 하울은 왕실 마법사로서 핸섬하지만 조금 겁이 많은 청년이다. 황무지 마녀는 두 사람의 사이를 오해, 주문을 걸어 소피를 90살의 늙은 할머니로 만들어 버린다. 가족을 걱정한 소피는 집을 나오게 되고 황무지를 헤매다가 하울이 사는 성에서 가정부로 낯선 생활을 시작한다. 4개의 다리로 걷는 기괴한 움직이는 성 안에서 하울과 소피의 기묘한 사랑과 모험이 시작되는데...",
      "popularity": 63.175,
      "poster_path": "/xiz6TiSduvR1U3VLfWVlBEdT9fO.jpg",
      "release_date": "2004-09-09",
      "title": "하울의 움직이는 성",
      "video": false,
      "vote_average": 8.4,
      "vote_count": 8288
    },
    {

      "id": 157336,
      "original_language": "en",
      "original_title": "Interstellar",
      "overview": "세계 각국의 정부와 경제가 완전히 붕괴된 미래가 다가온다. 지난 20세기에 범한 잘못이 전 세계적인 식량 부족을 불러왔고, NASA도 해체되었다. 나사 소속 우주비행사였던 쿠퍼는 지구에 몰아친 식량난으로 옥수수나 키우며 살고 있다. 거센 황사가 몰아친 어느 날 알 수 없는 힘에 이끌려 딸과 함께 도착한 곳은 인류가 이주할 행성을 찾는 나사의 비밀본부. 이 때 시공간에 불가사의한 틈이 열리고, 이 곳을 탐험해 인류를 구해야 하는 임무를 위해 쿠퍼는 만류하는 딸을 뒤로한 채 우주선에 탑승하는데...",
      "popularity": 124.757,
      "poster_path": "/zDNAeWU0PxKolEX1D8Vn1qWhGjH.jpg",
      "release_date": "2014-11-05",
      "title": "인터스텔라",
      "video": false,
      "vote_average": 8.4,
      "vote_count": 31372
    },
    {
      "id": 378064,
      "original_language": "ja",
      "original_title": "映画 聲の形",
      "overview": "따분한 게 질색인 아이, 이시다 쇼야.  간디가 어떤 사람인지, 인류의 진화과정이라든지, 알게뭐람.  어느 날 쇼야의 따분함을 앗아갈 전학생이 나타났다. 니시미야 쇼코. 그 아이는 귀가 들리지 않는다고 한다.  쇼야의 짓궂은 장난에도 늘, 생글생글 웃고만 있다. 짜증난다.  그의 괴롭힘에 쇼코는 결국 전학을 갔고, 이시다 쇼야는 외톨이가 되었다.  6년 후, 더 이상 이렇게 살아봐야 의미가 없음을 느낀 쇼야는 마지막으로 쇼코를 찾아간다.  처음으로 전해진 두 사람의 목소리. 두 사람의 만남이 교실을, 학교를,  그리고 쇼야의 인생, 쇼코의 인생을 바꾸기 시작한다.",
      "popularity": 44.111,
      "poster_path": "/emNuB1GNGjJqZiK9uVJNiUPbgsx.jpg",
      "release_date": "2016-09-17",
      "title": "목소리의 형태",
      "video": false,
      "vote_average": 8.4,
      "vote_count": 3380
    },
    {
      "id": 120,
      "original_language": "en",
      "original_title": "The Lord of the Rings: The Fellowship of the Ring",
      "overview": "호빗이라 불리우는 난장이 종족 중의 한 명인 프로도는 자신의 삼촌에게서 우연히 절대 반지를 물려받게 되고, 마법사 간달프를 통해서 절대반지가 사우론의 손에 들어가면 악의 세력이 세상을 지배하게 된다는 것을 알게 된다. 하지만 절대반지를 영원히 파괴할 수 있는 유일한 방법은 반지가 만들어진 불의 산의 용암에 그것을 던져 넣는 길 뿐이다. 마침내 프로도와 그의 친구들, 엘프족인 레골라스, 난장이족 김리, 두명의 인간 전사 아라곤과 보로미르, 그리고 마법사 간달프로 구성된 반지 원정대가 길고도 험난한 여정을 떠나게 되는데...",
      "popularity": 67.73,
      "poster_path": "/7uCvKNKKLRqYYyHIRpphi3yUE6Z.jpg",
      "release_date": "2001-12-18",
      "title": "반지의 제왕: 반지 원정대",
      "video": false,
      "vote_average": 8.4,
      "vote_count": 22669
    },
    {
      "id": 40096,
      "original_language": "pt",
      "original_title": "O Auto da Compadecida",
      "overview": "",
      "popularity": 9.355,
      "poster_path": "/imcOp1kJsCsAFCoOtY5OnPrFbAf.jpg",
      "release_date": "2000-09-15",
      "title": "어 독스 윌",
      "video": false,
      "vote_average": 8.4,
      "vote_count": 985
    },
    {
      "id": 1891,
      "original_language": "en",
      "original_title": "The Empire Strikes Back",
      "overview": "제국군은 데스스타를 잃은 뒤에도 여전히 강력한 화력으로 반란군을 수세로 몰아넣었고, 반란군은 게릴라전을 위해 얼음으로 뒤덮인 행성 호스에 은신한다. 하지만 결국 제국군에 의해 호스의 반란군 기지마저 탄로나게 되고, 일행은 필사적으로 호스를 탈출해 다시 정처없는 피난길에 오른다. 반란군의 피난길에 함께 오르던 루크는 포스의 영이 된 오비완으로부터 제다이 마스터 요다를 찾아가라는 메시지를 받고 요다가 있는 정글 행성 대고바로 향한다. 루크는 요다를 만나 제다이가 되기 위한 훈련을 시작하고 솔로 일행은 제국군을 따돌리기 위해 옛 친구 랜도를 찾아가는데...",
      "popularity": 26.095,
      "poster_path": "/icaO5w8uLVm4JxMew71JJrQE2YX.jpg",
      "release_date": "1980-05-20",
      "title": "스타워즈 에피소드 5: 제국의 역습",
      "video": false,
      "vote_average": 8.4,
      "vote_count": 15337
    },
    {
      "id": 92321,
      "original_language": "ja",
      "original_title": "蛍火の杜へ",
      "overview": "미도리카와 유키의 동명만화를 원작으로 한 작품으로 숲에서 길을 잃은 주인공이 요술로 사람의 눈에 보이는 힘이 있는 요괴와 만난 이야기를 그리고 있다.",
      "popularity": 0.6,
      "poster_path": "/ijAOOOrcLViYPkXIauhRhCj2ySf.jpg",
      "release_date": "2011-09-17",
      "title": "반딧불이의 숲으로",
      "video": false,
      "vote_average": 8.4,
      "vote_count": 941
    },
    {
      "id": 423,
      "original_language": "en",
      "original_title": "The Pianist",
      "overview": "1939년 폴란드 바르샤바, 유명한 유대계 피아니스트 블라디슬로프 스필만은 한 인기 라디오 프로그램에서 쇼팽의 야상곡을 연주하다 폭격을 당한다. 이후 유태인인 스필만과 가족들은 게토에서 생활하지만, 결국 수용소로 향하는 기차에 몸을 싣게 된다. 가족들을 죽음으로 내보내고 간신히 목숨을 구한 스필만은 허기와 추위, 고독과 공포 속에서 마지막까지 생존해 나간다. 자신을 도와주던 몇몇의 사람마저 떠나고, 자신만의 은신처에서 끈질기게 생존을 유지하는 스필만. 어둠과 추위로 가득한 폐건물 속에서 은신생활 중 스필만은 우연찮게 순찰을 돌던 독일 장교에게 발각되는데...",
      "popularity": 33.539,
      "poster_path": "/t7L2YDpu635qKT3ehqZxry4yvTX.jpg",
      "release_date": "2002-09-17",
      "title": "피아니스트",
      "video": false,
      "vote_average": 8.4,
      "vote_count": 8059
    },
    {
      "id": 121,
      "original_language": "en",
      "original_title": "The Lord of the Rings: The Two Towers",
      "overview": "9명의 반지원정대는 사우론의 세력에 맞서 반지를 지켜냈지만 반지 원정대는 뿔뿔이 흩어지게 된다. 메리와 피핀을 구하기 위해 우르크하이 군대를 추격하던 아라곤과 레골라스, 김리는 유령 숲에서 백색의 마법사로 부활한 마법사 간달프를 만나게 되고 사우론이 암흑세계의 두 개의 탑을 통합하여 점점 그 세력을 넓혀가고 있다는 사실을 듣게 된다. 이에 아라곤과 원정대는 중간계의 선한 무리의 통합을 이뤄 사우론의 세력을 견제해야 하는 큰 임무를 맡게 된다. 하지만 원수지간인 곤도르와 로한으로 나뉜 인간 종족의 통합은 쉽지 않고 게다가 로한의 왕마저 사루만에게 동화되는데...",
      "popularity": 56.278,
      "poster_path": "/hjGjAdEPJF2unG8yseu5mcVb5cx.jpg",
      "release_date": "2002-12-18",
      "title": "반지의 제왕: 두 개의 탑",
      "video": false,
      "vote_average": 8.4,
      "vote_count": 19708
    },
    {
      "id": 553512,
      "original_language": "ko",
      "original_title": "번 더 스테이지: 더 무비",
      "overview": "19개 도시, 40회의 공연, 55만석 날개를 펼친 소년들의 역사. 성공적인 월드 투어로 마무리된 ‘2017 방탄소년단 라이브 트릴로지 에피소드3 윙스 투어(2017 BTS LIVE TRILOGY EPOSODE III THE WINGS TOUR)’를 가장 가까이에서 담아낸 방탄소년단의 첫 번째 영화! 지금, 우리  함께 빛나는 청춘의 순간이 스크린에 펼쳐진다.",
      "popularity": 9.919,
      "poster_path": "/pJKy1yvnKh8UjcuYeG3Rt35xHFA.jpg",
      "release_date": "2018-11-15",
      "title": "번 더 스테이지: 더 무비",
      "video": false,
      "vote_average": 8.4,
      "vote_count": 397
    },
    {
      "id": 244786,
      "original_language": "en",
      "original_title": "Whiplash",
      "overview": "최고의 드러머가 되기 위해서라면 무엇이든 할 각오가 되어있는 음악대학 신입생 앤드류는 아무도 없는 지하실에서 혼자 드럼을 연습하던 중 우연한 기회로 누구든지 성공으로 이끄는 최고의 실력자이지만, 또한 동시에 최악의 폭군인 플렛처 교수에게 발탁되어 그의 밴드에 들어가게 된다. 설레는 마음으로 참가한 첫 연습에서, 그는 플렛처 교수의 진짜 얼굴을 마주치게 된다. 폭언과 학대 속에 좌절과 성취를 동시에 안겨주는 플렛처의 지독한 교육방식은 천재가 되길 갈망하는 앤드류의 집착을 끌어내며 그를 점점 광기로 몰아넣는데...",
      "popularity": 51.839,
      "poster_path": "/fz6osxiG7BWqnLoNgAlekpgSthf.jpg",
      "release_date": "2014-10-10",
      "title": "위플래쉬",
      "video": false,
      "vote_average": 8.4,
      "vote_count": 13443
    },
    {
      "id": 18491,
      "original_language": "ja",
      "original_title": "新世紀エヴァンゲリオン劇場版 Air／まごころを、君に",
      "overview": "네르프에 있는 마기가 미국, 프랑스 등지의 마기 5대의 파상공격으로 인해 해킹을 당하고 있었다. 그러나 슈퍼인공지능 컴퓨터도 그 파상공격을 당해내지는 못하는 상황. 결국 감금되어 있던 리츠코 박사를 다시 부르게 된다. 그는 처음에는 자신을 감금한 것에 대해 불만을 표시하지만, 결국 겐도우의 명령에 따르고 예전 사도에게 사용한 캐스퍼의 방법인 마지막 로직 코드를 변경하여 완전 몰아내기로 간신히 마기를 복구한다. 그리고 666프로텍트와 B다낭형 방벽을 세워 62시간은 막을 수 있게 조치하는데...",
      "popularity": 28.42,
      "poster_path": "/yBanOpNIccxjZlH4QH7ag4ojWOI.jpg",
      "release_date": "1997-07-19",
      "title": "신세기 에반게리온 엔드 오브 에반게리온",
      "video": false,
      "vote_average": 8.4,
      "vote_count": 1280
    },
    {
      "id": 255709,
      "original_language": "ko",
      "original_title": "소원",
      "overview": "어느 비 오는 아침, 학교를 가던 9살 소녀 소원은 술에 취한 아저씨에게 끌려가 믿고 싶지 않은 사고를 당한다. 이 일로 몸과 마음에 지울 수 없는 상처를 받은 소원이네 가족. 하지만 절망 끝에서 희망을 찾아 나서는데...",
      "popularity": 41.827,
      "poster_path": "/PZlNvDwKwHeHUsXnd6SEDXWZNn.jpg",
      "release_date": "2013-10-02",
      "title": "소원",
      "video": false,
      "vote_average": 8.4,
      "vote_count": 508
    },
    {
      "id": 807,
      "original_language": "en",
      "original_title": "Se7en",
      "overview": "은퇴를 7일 앞둔 관록의 형사 윌리엄 소머셋(모건 프리먼)과 새로 전근 온 신참내기 형사 밀스(브래드 피트)가 팀이 된 바로 다음날, 강압에 의해 위가 찢어질 때까지 먹다가 죽은 초고도 비만 남자와 역시 강압에 의해 식칼로 자기 살을 베어내 죽은 악덕 변호사의 사건과 마주한다. 식탐, 탐욕, 그리고 나태, 분노, 교만, 욕정, 시기. 소머셋은 현장에 남은 흔적들로 단테의 신곡과 쵸서의 캔터베리 서사시를 근거로 한 기나긴 연쇄 살인이 시작되었음을 직감하고 성서의 7가지 죄악을 따라 발생하는 사건들을 추적하기 시작하는데...",
      "popularity": 44.016,
      "poster_path": "/izzk8dbmrLowcoGbFaebqJvzyXg.jpg",
      "release_date": "1995-09-22",
      "title": "세븐",
      "video": false,
      "vote_average": 8.4,
      "vote_count": 18755
    },
    {
      "id": 27205,
      "original_language": "en",
      "original_title": "Inception",
      "overview": "타인의 꿈에 들어가 생각을 훔치는 특수 보안요원 코브. 그를 이용해 라이벌 기업의 정보를 빼내고자 하는 사이토는 코브에게 생각을 훔치는 것이 아닌, 생각을 심는 ‘인셉션’ 작전을 제안한다. 성공 조건으로 국제적인 수배자가 되어있는 코브의 신분을 바꿔주겠다는 거부할 수 없는 제안을 하고, 사랑하는 아이들에게 돌아가기 위해 그 제안을 받아들인다. 최강의 팀을 구성, 표적인 피셔에게 접근해서 ‘인셉션’ 작전을 실행하지만 예기치 못한 사건들과 마주하게 되는데… 꿈 VS 현실! 시간, 규칙, 타이밍 모든 것이 완벽해야만 하는, 단 한 번도 성공한 적 없는 ‘인셉션’ 작전이 시작된다!",
      "popularity": 66.25,
      "poster_path": "/zTgjeblxSLSvomt6F6UYtpiD4n7.jpg",
      "release_date": "2010-07-15",
      "title": "인셉션",
      "video": false,
      "vote_average": 8.4,
      "vote_count": 33685
    },
    {
      "id": 599,
      "original_language": "en",
      "original_title": "Sunset Boulevard",
      "overview": "캘리포니아주 로스앤젤레스의 선셋 대로에 위치한 대저택에서 살인사건이 발생한다. 유명 여배우의 풀장에서 한 시나리오 작가가 총에 맞은 채 죽어서 발견된 것이다. 경찰이 출동한 가운데 세상 사람들은 이 사건에 눈과 귀를 기울인다. 사건이 일어나기 정확히 6개월 전. 주로 B급 영화의 시나리오를 썼던 조셉 길리스는 벌이가 좋지 않아 차까지 압류당할 위기에 처한다. 해결사들의 추격을 받던 조셉은 선셋 대로에 위치한 대저택에 숨어들었다가 그 곳의 주인이자 과거 무성영화 시절 스타인 노마 데스몬드을 만나게 된다. 노마는 조셉에게 자신이 쓴 시나리오를 보여주며 유혹하는데...",
      "popularity": 14.975,
      "poster_path": "/zt8aQ6ksqK6p1AopC5zVTDS9pKT.jpg",
      "release_date": "1950-08-10",
      "title": "선셋 대로",
      "video": false,
      "vote_average": 8.4,
      "vote_count": 2217
    },
    {
      "id": 567,
      "original_language": "en",
      "original_title": "Rear Window",
      "overview": "사진 작가인 제프리스는 촬영 도중 다리가 부러져 휠체어에서 꼼짝할 수 없는 처지이다. 무료함을 견디지 못하는 그는 자신의 그리니치 빌리지에 있는 독신자 아파트에서 뜰 건너편에 사는 사람들의 행동을 관찰하는 것으로 시간을 보낸다. 어느날 건너편 아파트에 사는 한 사람이 아내를 살해한 것으로 의심받을 만한 짓을 한 것을 본 그는 이를 모델인 애인 리사와 친구인 형사 도일에게 말하지만 아무도 그의 말을 믿지 않는다. 그러나 결국 그의 의심이 전혀 근거없는 것은 아니라는 것을 알게 된 리사와 간호부 스텔라는 그의 지시에 따라 범행의 증거를 찾아 부부의 집을 조사하기 시작하는데...",
      "popularity": 23.221,
      "poster_path": "/jU5Fe7n9rsEBa0uaV5dqGjJGwmX.jpg",
      "release_date": "1954-08-01",
      "title": "이창",
      "video": false,
      "vote_average": 8.4,
      "vote_count": 5688
    },
    {
      "id": 652837,
      "original_language": "ja",
      "original_title": "ジョゼと虎と魚たち",
      "overview": "지체장애인인 조제는 그림 그리기를 좋아하며, 미처 경험해 보지 못한 세상에 대한 호기심과 두려움을 동시에 가지고 살아간다. 해양생물학을 전공하며 유학을 준비 중인 츠네오는 바다를 사랑하는 대학생으로 조제와 비슷한 또래이다. 조제를 온실 속 화초처럼 키워온 할머니는 츠네오를 아르바이트생으로 고용하여 조제를 일정 시간 돌보게 한다. 조제는 할머니의 눈을 피해, 혹은 할머니의 묵인하에, 츠네오와 함께 바깥나들이를 시작하고 조금씩 세상을 향해 마음을 열어간다.",
      "popularity": 29.894,
      "poster_path": "/v60S8rPRCQRYSeCtmLiuRpQqIfC.jpg",
      "release_date": "2020-12-25",
      "title": "조제, 호랑이 그리고 물고기들",
      "video": false,
      "vote_average": 8.4,
      "vote_count": 333
    },
    {
      "id": 73,
      "original_language": "en",
      "original_title": "American History X",
      "overview": "3년 전 강도 사건으로 소방수였던 아버지를 잃은 데렉은 백인 우월주의자들의 모임인 DOC에 관심을 갖게 되면서 유색인종에게 그 분노와 증오를 터트린다. 그는 혐오스러운 유색인종들을 이 땅에서 몰아내야 한다고 주장하면서 강렬한 카리스마로 동료들 사이에서 영웅이 된다. 가족들은 그런 그의 모습을 걱정하여 만류하지만, 단 한 사람, 동생 대니만은 그를 전적으로 믿고 따른다. 어느 날, 데렉에게 적대감을 품은 흑인들이 아버지의 낡은 밴을 훔치러 왔을 때 그는 서슴없이 그들에게 총을 겨눈다. 그리고는 총을 맞고 신음하는 그를 참혹하게 죽이고 마는데...",
      "popularity": 28.358,
      "poster_path": "/nm4XkYBt79ZjUQj6Rqxxzl1Wt3c.jpg",
      "release_date": "1998-07-01",
      "title": "아메리칸 히스토리 X",
      "video": false,
      "vote_average": 8.4,
      "vote_count": 10386
    },
    {
      "id": 3782,
      "original_language": "ja",
      "original_title": "生きる",
      "overview": "공무원인 와타나베 칸지는 어느 날 자신이 간암에 걸렸으며 남은 시간이 많이 않다는 사실을 알게 된다. 지금까지 그는 대단히 규칙적인 삶을 살아왔고 한번도 원칙에서 벗어난 적이 없었다. 그에게는 두 명의 자식이 있지만 그들은 이미 그에게서 한참 멀어져 있다. 남겨진 시간은 길어야 1년. 무엇을 할 것인가? 지금까지의 삶에 회의를 느낀 그는 자신의 삶이 가치 있었다는 증거가 될만한 무언가를 하기로 결심하고 버려진 땅을 공원으로 만들 계획을 세운다.",
      "popularity": 14.37,
      "poster_path": "/uMaLKmpxepW4Uq8lcCpels656u0.jpg",
      "release_date": "1952-10-09",
      "title": "이키루",
      "video": false,
      "vote_average": 8.4,
      "vote_count": 923
    },
    {
      "id": 568332,
      "original_language": "en",
      "original_title": "Taylor Swift: Reputation Stadium Tour",
      "overview": "세계가 열광한 테일러 스위프트의 '레퓨테이션’ 스타디움 투어. 텍사스 댈러스에서 그 대미를 장식한다. 무슨 말이 더 필요하랴? 팝의 여왕, 테일러 스위프트. 그녀가 새로운 전설을 만든다. 장대한 투어의 정점이 될 화려한 무대. 그 위에서 눈부시게 빛나는 그녀를 맞이하라!",
      "popularity": 11.203,
      "poster_path": "/u6oXUTtOuJRPdUgUuPAVVJPSKCo.jpg",
      "release_date": "2018-12-31",
      "title": "테일러 스위프트의 레퓨테이션 스타디움 투어",
      "video": false,
      "vote_average": 8.3,
      "vote_count": 275
    },
    {
      "id": 914,
      "original_language": "en",
      "original_title": "The Great Dictator",
      "overview": "세계대전에서 패배한 토매니아국에 힌켈이라는 독재자가 나타나 악명을 떨친다. 한편, 힌켈과 닮은꼴 외모의 이발사 찰리는 국가의 유태인 탄압정책으로 인해 곤경에 처하지만 병사로 참전했던 전쟁에서 우연히 구해줬던 슐츠 장교의 도움을 받아 위기를 모면한다. 독재자 힌켈의 악행은 갈수록 도를 더해가고, 찰리는 유태인 수용소에 끌려가게 되지만 기지를 부려 탈옥에 성공한다. 하지만 이발사와 똑같은 얼굴을 한 힌켈이 탈옥범으로 오해 받아 감옥에 잡혀 들어가게 되는데…",
      "popularity": 17.579,
      "poster_path": "/uw26mSTaA10hg2yuQfNaFLSeY3h.jpg",
      "release_date": "1940-10-15",
      "title": "위대한 독재자",
      "video": false,
      "vote_average": 8.3,
      "vote_count": 2922
    },
    {
      "id": 274,
      "original_language": "en",
      "original_title": "The Silence of the Lambs",
      "overview": "FBI 요원 스탈링은 몸집이 비대한 여자들의 살을 도려내는 변태 살인마를 추적하라는 상부의 명령을 받는다. 스탈링은 사건 해결의 단서를 얻기 위해 인육을 먹은 죄로 감옥에 수감된 정신과 의사 렉터 박사를 찾아간다. 지능범인 렉터와 침착하게 대처하는 스탈링은 긴장감 속에서 협상을 한다. 이러한 와중에 상원 의원의 딸 캐더린이 납치된다. 결국 범인의 정체를 알려준다던 렉터는 다른 감옥으로 이송되고 스탈링은 수사에서 제외된다. 범인에 대한 단서를 알아낸 범죄 심리 전문가인 렉터는 이송 중에 도주하고, 스탈링은 렉터와 나눈 마지막 대화를 기억하고 수사를 계속하는데...",
      "popularity": 9.986,
      "poster_path": "/2hBAfjDlRbamiX7TuzLes2EcnCM.jpg",
      "release_date": "1991-02-14",
      "title": "양들의 침묵",
      "video": false,
      "vote_average": 8.3,
      "vote_count": 14516
    }
  ]

}

